product_id,author,rating,title,body
category_1_product_1,hemant,5,best choice i like it,the boat airdopes supreme deliver crystalclear sound punchy bass and read more
category_1_product_1,danish shaikh,5,i given a 5 star rating,amazing performance boat earbuds looks like good and best i saw a trying to read more
category_1_product_1,pradeepkumar,5,so beautiful but and nice song sound,nice sound very nice so beautiful buts
category_1_product_1,apurva mishra,5,awesome product,i am using it above 20 days and i felt this is too good
category_1_product_1,suman nath,5,to much best,this is excellent product for this price range such a supreme feel in hand awesome
category_1_product_1,arunprasath,5,thankyou boat,on time delivery worth product
category_1_product_2,xtm,5,quality of earphone,its good the quality of the earphones are great its worth the price
category_1_product_2,ankita,5,elegance with excellence,listening your fev music with this earpod is like giving treat to your ear i have always used read more
category_1_product_2,vaishak a,3,boat hearables app doesnt work with this,the audio quality is definitely unmatched compared to most others earbuds in this segment the read more
category_1_product_2,nipun,5,x tws,nirvana x twsthese have become one of my fav tws amongst the ones i haveliterally read more
category_1_product_2,guruprasad,5,not compromising,its awful in hearing features great app support by boat totally recommended for read more
category_1_product_2,guruprasad,4,first experiences,eager to rate this multi device connection is some not satisfied need more experience read more
category_1_product_3,hukmraj singh rao,5,cover,product is amazing but i did not got the silicon cover with it
category_1_product_3,ushna,4,cover,i didnt get the silicon cover like i ordered
category_1_product_3,sheeba,4,airpods 131 viper green,nice product
category_1_product_3,ras bihari,5,good,boat airdopes 131 wireless earbuds with upto 60 hours playback 13mm drivers iwp read more
category_1_product_3,uday,5,good quality with amazing experience,hey boat just got my airdopes 131 and im absolutely loving it made a fun review check it read more
category_1_product_4,ajay darekar,5,amazing 55,amazing product if i required another earphone to buy another one buy will buy it again this one
category_1_product_4,mohit,5,great quality product,very satisfied
category_1_product_4,honey,5,flying in the air,omg its just amazing i cant get enough of listening to music im in love with the read more
category_1_product_4,ramess,5,great buds,nice buds classy and anc is good too
category_1_product_4,shantanu sikder,5,premium quality product,sound in next level noice cancellation is not so bad you can get enough batterymy rating 100010 read more
category_1_product_4,palash,5,good,very good
category_1_product_5,subhankar sarkar,5,good,boat airdopes 280 anc wireless earbuds with anc up to 32db quad mics enx tech read more
category_1_product_5,anirban chowdhury,5,about airdropes 280 anc,good bassclr sound clr vocal connectivity nice battery nice
category_1_product_5,garg yadav,4,quality of the product,it has a nice sound it connectivity is passed but it built quality can be improve it
category_1_product_5,aj,5,satisfactory tws,i have been using this buds since past 23 months and i am satisfied with the sound and call read more
category_1_product_5,nitesh kumar pandit,5,airdopes 280 anc is the best in this price segment,one of the best earbuds in this price segmentin the calling very slow voice is clearly read more
category_1_product_5,prince kumar,5,boat airdopes 280 anc,its a very good product im using its a nice experience for me
category_1_product_6,amit kumar,5,good,boat airdopes alpha true wireless earbuds with 35 hours playback 13mm drivers read more
category_1_product_6,hakim shah,4,this airbuds very small its sound is quite good,this airbuds very nice thanks boat family
category_1_product_6,hakim shah,4,this airbuds very small its sound is quite good,this airbuds very nice thanks boat family
category_1_product_6,hakim shah,4,this airbuds very small its sound is quite good,this airbuds very nice thanks boat family
category_1_product_6,hakim shah,4,this airbuds very small its sound is quite good,this airbuds very nice thanks boat family
category_1_product_6,joy choudhury,5,good,it was amazing
category_1_product_7,anonymous,5,best so far,i have been using this for at least 4 years and its still the same the bass and sound are still read more
category_1_product_7,rohan,5,boat nirvana ion,sound quality is really nice and im having a wonderful experience with it tqsm for this read more
category_1_product_7,jay,5,good,boat nirvana ion bluetooth wireless earbuds with crystal bionic sound powered by hifi read more
category_1_product_7,nikhil,5,realistic sound,the boat nirvana ion airbuds deliver impressive sound quality deep bass and excellent noise read more
category_1_product_7,naveen rawat,5,good,boat nirvana ion bluetooth wireless earbuds with crystal bionic sound powered by hifi read more
category_1_product_7,naveen rawat,5,good,boat nirvana ion bluetooth wireless earbuds with crystal bionic sound powered by hifi read more
category_1_product_8,rocky,5,product is good and fired,this product is amazing and beautiful case good backup sound cristal clear and read more
category_1_product_8,ashlok raj jha,5,good,very nice product but delivery is so late next time boat dont have a late
category_1_product_8,ashlok raj jha,4,good,very nice product but delivery is so late
category_1_product_8,shravani,4,good product,good product with nice sound quality good calling experience also very comfortable to read more
category_1_product_8,abhi,5,best one,value for money best one
category_1_product_8,swathini m,5,honest,amazing earbuds at a budget price i bought the boat airdopes 181 pro for just 999 and im read more
category_1_product_9,samina siraj,5,i am happy with nice one,happy
category_1_product_9,gurmail singh,5,airdopes 121 pro plus,yes
category_1_product_9,ripu kumar pandey,4,good,sound is very nice
category_1_product_9,pranjal patel,5,good,boat airdopes 121 pro plus wireless earbuds with 100 hours playback 4 mics with enx read more
category_1_product_9,nikhil labhane,4,must buy,everything is okay
category_1_product_9,totally bad product waste of money,4,product,good
category_1_product_10,ankit,5,excellent product,good product
category_1_product_10,yash kothari,4,airpodes,its very nice
category_1_product_10,nidhie,5,amazing as always,i bought this recently and im loving it the audio quality is lovely and love the case read more
category_1_product_10,sahib,5,amazing,goated
category_1_product_10,joydeep nasipuri,5,good,boat airdopes 311 pro wireless earbuds with 50 hours playback dual mics with read more
category_1_product_10,rosss,4,good,so im having problem with the connectionmy video is pausing in the middleaddress read more
category_1_product_11,gaurav dadhich,5,good product good service,good service good product nice design nice colour
category_1_product_11,ayush vihan,5,5 star,very good and beautiful product
category_1_product_11,rudraksh mishra,5,satisfactory,satisfied
category_1_product_11,rudraksh mishra,5,satisfied,satisfied
category_1_product_11,akash m,5,best airdopes 161,airdopes 161 is the best airdopes i have been using it for 6 months there is no problem of any read more
category_1_product_11,pulkit shrimali,5,very good product,this a very good product i bought this in june and after a month of use i can say that it is very read more
category_1_product_12,anand,5,best in the market,million times better than one plus
category_1_product_12,anonymous,4,airdopes 301,good airdopes with affordable prize good battery back up i rarely comments only when i read more
category_1_product_12,hesham shah alam khan,5,good,boat airdopes 301 wireless earbuds with 75 hours playback enx technology 10mm read more
category_1_product_12,gaurav kumar,5,good,right side ear buds not working
category_1_product_12,sukanta mitra,5,very beautiful wonderful design,best collection i love it
category_1_product_13,mohanarajan,5,great product,am happy to order this product really good one
category_1_product_13,hemanth,4,good,best to buy dilevery date is to long
category_1_product_13,rahul mondal,5,exelent earpods,this is a good quality earpods i suggest that earpods
category_1_product_13,anshul dhiman,5,nice quality and better noice cancellation,just got my earbuds and they are amazing nice audio quality and noice cancellation loved it
category_1_product_13,ankur chanda,5,value for money,great tws under 1000 i have been using this product since august 2024 very good sound read more
category_1_product_13,shashi,5,very nice in worthy rate,very nice product
category_1_product_14,yashraika79gmailcom,5,vey nyc,good
category_1_product_14,rojash delhi,5,company good and quality wise,product are nice and delevery good pr show 4 day me resive hua 110039 pin code pr voice read more
category_1_product_14,pikachu,5,super,im using this product on past 4 year i am a fan of airdopes 141 read more
category_1_product_14,hardeep,3,is it noise cancellation,this earbuds with noise cancellation or not
category_1_product_14,hardeep,3,is it noise cancellation,this earbuds with noise cancellation or not
category_1_product_14,raghu,5,good,super very nice boss
category_1_product_15,nasir shaikh,5,good,good product all in one
category_1_product_15,vivek,5,good,good quality
category_1_product_15,bikash mondal,5,mondal,best spatial sound 5star
category_1_product_15,sandesh,5,good,great product
category_1_product_15,ayushman mukherjee,5,as a musician i love its quality,love the sound and balance high quality bass and noise cancellation out of the world 100 read more
category_1_product_15,arpit,5,good,excellent performance
category_1_product_16,soumya sinha,5,good,very good
category_1_product_16,soumya sinha,5,boat,very good
category_1_product_16,anmol,4,noice cancellation issue,noice cancellation not working or somebody can tell how to turn on noice cancelationi am read more
category_1_product_16,sonu yadav,5,good,boat airdopes ultra pro wireless earbuds with 100 hours playback immersive spatial read more
category_1_product_16,siddu,5,excellent airdop ultra pro,this this both of ultra pro is best sound and customers based sound and very read more
category_1_product_17,atharv panchal,4,good,such a nice product in this price segment
category_1_product_17,gopi,4,good,air drops r case also
category_1_product_17,shivam sharma,5,great bass and sound quality,i am really satisfied with the quality of airdopes
category_1_product_17,shivam sharma,5,great bass and sound quality,i am really satisfied with the quality of airdopes
category_1_product_17,manoj magade,4,best tws under 1000 rupees,this boat 161 metallic airdops is best tws under 1000 category i impress with duel eq mode read more
category_1_product_17,manoj magade,4,best tws under 1000 rupees,this boat 161 metallic airdops is best tws under 1000 category i impress with duel eq mode read more
category_1_product_18,fardeen khan,5,too late out off stock,taking too much time to restocking always
category_1_product_18,pronoyy,4,quality,nice and durable the sound quality is lit and the whole product is dope looks fire
category_1_product_18,ayush dey,4,best in earbuds section,its a very good ear bud so far i have used god sound quality good touch n feel and the main read more
category_1_product_18,nandeesh,3,personalisation not available on loop,name engraving is not available on airdopes loop kindly enable it as soon as possible
category_1_product_18,chetna jain,4,personalised airdopes loop,i want personalisation on boat airdopes loop kindly enable it for this product as well
category_1_product_18,sandip,4,battery life,airbuds are superb quality and looking good but total playback time is too short for 2 hours read more
category_1_product_19,vinod kale,5,excellent sound quality battery backup,ive been using the airdopes ultra plus active black for a few months now and im genuinely read more
category_1_product_19,rahul kumar,5,gajjjjjjab,mast of airbuds
category_1_product_19,sushree,5,amazing top class product,the design is ergonomic and the earbuds offer a comfortable fit for most ear read more
category_1_product_19,niteesh singh,5,good,boat airdopes ultra plus wireless earbuds with 50 hours playback beast mode read more
category_1_product_19,himanshu chandra,5,good,boat airdopes ultra plus wireless earbuds with 50 hours playback beast mode read more
category_1_product_19,sajni,5,good bass and treble,the boat airdopes ultra plus have been wellreceived in the market for offering solid performance read more
category_1_product_21,kapil,5,great earbuds,purchased it 2 years ago fantastic backup and sound quality is awesome had to change read more
category_1_product_21,amit meena,5,shandaar sound,very good and comfortable sound is amazing
category_1_product_21,aman jaiswal,4,overall good product,sound quality best but one thing the airpods case is very matty disign
category_1_product_21,pully shakya,5,good,boat airdopes 141 anc wireless earbuds with active noise cancellation up to 32db 42 read more
category_1_product_21,sagar grover,3,good,boat airdopes 141 anc wireless earbuds with active noise cancellation up to 32db 42 read more
category_1_product_21,dheeraj,4,problem,boat 141 anc is not connecting with the app i have purchased in storei have checked in read more
category_1_product_22,uttu,5,excellent product,amazing sound quality and noise cancellation ear detection mode was impressive
category_1_product_22,arju charan,5,earbuds,crisp sound killer bass battery lasts for days loving these buds read more
category_1_product_22,divyanshu rathod,5,very good produced,its sound is amazing
category_1_product_22,divyanshu rathod,5,very good produced,its sound is amazing
category_1_product_22,divyanshu rathod,5,very good produced,its sound is amazing
category_1_product_22,divyanshu rathod,5,very good produced,its sound is amazing
category_1_product_24,manali nandanwar,5,amazing,great and works well
category_1_product_24,ritika sharma,5,good quality,nice eardopes with friendly budget go for it
category_1_product_24,utsav rangadiya,5,airdopes 141,this airdopes is the best and beast
category_1_product_24,chirag chavda,5,feedback,excellent
category_1_product_24,guddu kumar,5,10 of 10,osm good service
category_1_product_24,shubam kumar,5,air dopes 141 is really too good i love this product alot thanku boat family,i give 5 star this product because they deserve and facilities is incompatible you read more
category_1_product_25,jogaram,5,good,boat read more
category_1_product_25,inam ahmed,5,airdopes ace,airdopes ace is the best airdopes sound quality betry very nice
category_1_product_25,sreekanth venkatesh yalmuri,5,liked them,used so many other earpods to fit my ears and make me comfortable with iphone liked these read more
category_1_product_25,tenzin,5,good,after purchasing for the first time from boat itself i liked it so much that i ordered again thank you
category_1_product_25,mohit,5,good,boat airdopes ace wireless earbuds with 35 hours playback asap charge beast read more
category_1_product_25,anonymous,4,airpodes ace,comfortable and value for money
category_1_product_26,rohan,5,brilliant,is superb in dolbymode n hv bought boat airdopes on last three counts and have been more read more
category_1_product_26,lokanath acharya,5,boat airpods 800,best at this price range dual sound system dolby audio for movie and boat signature sound for read more
category_1_product_26,naresh kumar,5,good,boat airdopes 800 wireless earbuds with 40 hours playbackdolby audio beast read more
category_1_product_26,fahim,5,best for music lover,i really loved this airdopes 800 cause this airdopes gives you best music listening read more
category_1_product_26,vicky,4,good,battery life of box is not good but buds are nice
category_1_product_26,dulen deka,5,nice product from boat,most value for money product
category_1_product_28,joy gupta,5,awesome sound quality,only case hinge is average
category_1_product_28,fenil chauhan,4,problem with case,buds quality was good but the was not working properly
category_1_product_28,chinmaya,5,first and best tws earbuds,i bought this airdopes 111v2 from amazon its a very good product this is my first tws read more
category_1_product_28,v vijay,5,excellent,just bought the boat airdopes 111v2 and im genuinely impressed sound quality the read more
category_1_product_28,ritika patankar,5,best new launch,perfectly fit in ear excellent sound clear callingbest product in best range thank you read more
category_1_product_29,shivanshu singh,3,overall good but can be improved by firmware upgrade,overall good sounding budsthe sound quality needs little improvement specifically the read more
category_1_product_29,rohith r,5,ultimate go for it,best earbuds previously i was using realme air 6 pro but i wanted to try head tracking read more
category_1_product_29,raj,5,amazing,must try
category_1_product_29,umesh patil,5,superbly design,superb audio mate
category_1_product_29,sushovan dasgupta,5,best product ever,its the tws by boat till date
category_1_product_30,johnny,4,superb,call clear bass is good worth at price
category_1_product_31,pawan kumar,5,910,i love the product
category_1_product_31,thendral,4,good,boat airdopes 138 wireless earbuds with 13mm drivers bluetooth v50edr iwp read more
category_1_product_31,ram pravesh yadav,5,nice one,if you think about simple and long lasting bluetooth headset than buy this
category_1_product_31,bhushan bhuva,5,amazing tws,very good
category_1_product_31,niraj shukla,5,excellent,as per expectations excellent setrvices
category_1_product_31,harshvardhan ashtekar,5,worth buying,very good earbudsgood sound quality worth buying
category_1_product_32,saagar yadav,5,great product,its an amazing product by boat loved it
category_1_product_32,aniket,5,mast,nice
category_1_product_32,suraj chauhan,5,airderops 91 nice product and service,good product and best service i give 55 ratings
category_1_product_32,dilip lomte,5,awsome product,this product is really awsome and can compete with high quity airdrops with great bass and read more
category_1_product_32,srikar d,4,connection issues,sometimes after a call when a media is resumed the voice is barely audible despite increasing read more
category_1_product_32,jd,4,airdopes 91,great earphones i got for 780 in offer but outer body build could be better
category_1_product_33,mr meet,5,super sound,what a sound quality base super feels good when listen music
category_1_product_33,pavan dhakad,5,boat 219,best vs best best sound quality and base super
category_1_product_33,pratik shukla,4,wonderful product,its a good product light weightbass is too goodand i love it battery backup is also good but read more
category_1_product_34,vipul solanki,3,charging and battery issue,i have purchased this fews days ago and it has charging problem its not get full also ear buds read more
category_1_product_34,anonymous,5,restock 161 anc and 161 pro,restock 161 pro also
category_1_product_34,dharmesh,5,anc,very nice product in best product
category_1_product_34,gurpreet kaur,5,good,boat airdopes 161 anc wireless earbuds with active noise cancellation up to 32db enx read more
category_1_product_34,anshika,5,buds is missing from the delivery box,fraud
category_1_product_34,simran,4,please,please restock black one as soon ass possible
category_1_product_35,rashid sheikh,5,best sound quality best performance,this is best earbuds ever for me i am using this earbuds past 8 month sound quality is too good read more
category_1_product_35,kavya,5,good,boat airdopes 163 wireless earbuds with massive playback of upto 17 hour ipx5 water read more
category_1_product_35,anonymous,5,amazing product,i originally come form canada after taking a summer trip to india i was looking for some cheap read more
category_1_product_35,hemant kumar,5,very good product,saund
category_1_product_35,johaan g,5,best earphones,keeping the price under consideration these are the only earphones that will provide you such a read more
category_1_product_35,kavita,5,good review,good quality nice sound i love this product totally convenced thanks boat
category_1_product_36,raghav,5,very good product,very good product very clear sound and the best earbuds i ever had
category_1_product_36,arnav mathur,4,no manual power onoff system,everything else is good however it doesnt have manual power onoff mode means once the read more
category_1_product_38,vinit kumar,4,sound quality and driver size,sound quality is just slightly hazy even with ldac on whereas a 600700 ruppee wired read more
category_1_product_38,sahil kumar,5,incredible,build and sound orbalmost everythings quality is different no wordsi cant read more
category_1_product_38,rssai,5,best earbuds,product is good enjoying the dolby
category_1_product_38,mk,5,great boat quality sound,you wont be disappointed when it comes to sound and customisable equalizer read more
category_1_product_38,dev ranga,4,good,this is by far the best earphone ever it has soo many cool features love boat
category_1_product_38,disha sahni,4,good,very good earphone my husband likes it
category_1_product_39,gokul krishnan s,4,good,good
category_1_product_39,indrajeet singh,4,1,voice cracking automatically turns on and off while a song is playing
category_1_product_39,sushil kumar,5,good,boat airdopes 120 wireless earbuds with 40 hours playback beast mode asap read more
category_1_product_39,akheel,5,negligence from boat and delivery,i clearly wrote my secondary phone number in address and instructed boat support to contact read more
category_1_product_40,ramesh,4,good product,its good product but when i am charging the product its getting heated and its getting read more
category_1_product_40,vk,4,sound size,sound focused on vocals than bass unlike 141 or 161 which i have size super read more
category_1_product_40,tanvi,5,malfunctioned product received,product not working
category_1_product_40,yuvraj ambhore,4,sound quality is amazing just one problem,the sound is amazing but why on earth it has very loud notifications like beast mode and read more
category_1_product_40,ps,5,good,sound of airdopes are too good and also service of boat
category_1_product_40,raj raj,5,good,good
category_1_product_41,aurna,5,beautiful airpods,beautiful productmy brother loved it for his birthday gift
category_1_product_41,rudra ranjan,4,no doubt the product immortal 201 is super good worth for money value product,but boat should work on their dilivery service takes much time for the order to reach us like it read more
category_1_product_41,mayank bhambhani,5,boat head,i love this product immortal 201 attractive design attractive rgb lights i want to say read more
category_1_product_41,rajnee singh,5,immortal 201,this earbuds is really very good and value for money and the led light is incredible
category_1_product_41,bidisha,5,awesome product,the product is very sporty and awesome
category_1_product_41,s husen,5,exlente,very good
category_1_product_42,faheem ul rehman,5,good,boat nirvana space tws earbuds with boat 360 spatial audio 32db active noise cancellation
category_1_product_42,kartik choudhary,4,boat nirvana space earbuds,headphone sound quality is very good case with ear buds is very light wait all the features are read more
category_1_product_42,agar mer,5,case kho jaye to kya kare,hi maine kl boat nirvana space kharidi thi aur aaj mera case kho gya h to m kya kru
category_1_product_42,gowthaman,5,boat ear buds,last 5 years using boat products good life time product thanks boat
category_1_product_42,jyoti chavda,5,good,please put some plastic note in the box in my parcel so that my airbuds dont get read more
category_1_product_42,adeeb humayun,5,happy with the purchase,i seldomly take out time to review any device but compared to my previous earbuds read more
category_1_product_43,akash yadav,5,best product,im really happy with my boat airdopes 161 anc elite the sound quality is excellent with read more
category_1_product_43,sachin,5,good,read more
category_1_product_43,amar kumar singh,5,pretty awesome,i really loved it all the modes are very useful anc is also working nice but if it had been up to read more
category_1_product_43,praveen,4,impressive,best anc airdopes under this price segment it looks very cool sound quality 810 read more
category_1_product_43,priyanshu,5,soundancbass battery 910,op
category_1_product_43,tsn durga bhavani,4,airpodes were awesome,sound quality playback all features are good nice product worthy product
category_1_product_45,rasika shinde,5,boat airdopes,good quality sound is very clear battery is awesome
category_1_product_45,ashok,4,good looking in tiny case,best product in affordable price
category_1_product_45,anshuman,5,airpods 138 pro,its a very good product no doubt very good sound quality but i m facing a issue from read more
category_1_product_45,jadeja s b,5,good,very good product
category_1_product_45,anand addaguduri,5,good,fantastic product one of a kind in that price range a must have
category_1_product_45,sivaraman,4,good,good product
category_1_product_47,rohit govind loke,5,good,best earbuds
category_1_product_47,ramsingh thakur,5,good,nice design
category_1_product_47,sonal,5,great product,living in the hills airdopes 207 fills my world with soulsoothing melodies crystal clear read more
category_1_product_47,shivani,5,good,great product
category_1_product_47,rajat,4,wow,amazing sound quality
category_1_product_47,ria,4,fitness fanatic,my workout buddy the sounds motivating bluetooths quick and the battery read more
category_1_product_48,dushal,5,beyond my expectations,really a premium product from boat with so many amazing features and many read more
category_1_product_48,abhijeet thakur,5,its wow,ok so i shifted from boat airdopes 81 to boat nirvana iris and first look is the premium ness read more
category_1_product_48,who,4,good,well im the first one to review tbh these r pretty good like real good didnt expected that but read more
category_1_product_49,wilson samraj,5,best product from boat,im using this airdops in full day for office work and i dont feel eny ear pain or irritationso dont read more
category_1_product_49,ankit,5,ear drops adops 91 prime,vv good
category_1_product_50,irene jolly mathew,5,best product,good battery backup sound quality good
category_1_product_51,kshivesh,5,my boat airpods 148 thank you boat,i have been using these airpods continuously for 2 years i bought it from a local shop read more
category_1_product_51,anushka vani,5,good,i bought boat airdopes 148 from a local shop and recently got a warranty read more
category_1_product_51,sinchan,5,awesome product,i have been using it on a daily purpose since last 3 years not even a single complain about the read more
category_1_product_51,nabanita guchhait,5,good product,goon sound quality
category_1_product_51,aadesh yadav,5,boat airdopes 148 wireless earbuds with 8mm drivers iwp enxtm technology asap fast charge,boat airdopes 148 wireless earbuds with 8mm drivers iwp enxtm technology asap read more
category_1_product_51,jamil aktar,5,good,boat airdopes 148 wireless earbuds with 8mm drivers iwp enxtm technology asap read more
category_1_product_53,soumyadeep ghosh,5,worth buying,excellent audio quality
category_1_product_53,soumyadeep ghosh,5,worth buying,excellent audio quality with 3d spatial effects love the sound
category_1_product_53,kunal mitra,3,built quality issue,i think boat should improve the built quality should use some tough meterial for the case i read more
category_1_product_53,dev,5,starting to end,music quality noise cancellation everything work s perfectly satisfied with the product read more
category_1_product_53,arulkani,4,one good buds from boat,initially i was hesitant to spend over 3000 on boat earbuds but after using them i can read more
category_1_product_53,khozema kaukawala,5,worth every penny,awesome sound awesome features worth every single penny spent use of spatial read more
category_1_product_55,meh your good boy,4,good job boat i like you,its very useful for students who preparing for toughest examinations with read more
category_1_product_55,aravind p,5,good,best option
category_1_product_55,neeraj yaduvanshi,5,best,sound quality is good
category_1_product_55,anahita,3,okayish,the quality and everything is good no issues with that but after some time the earbuds will read more
category_1_product_55,very good product and size also perfect but colour issues,5,very good quality,best
category_1_product_55,m monis,5,evaragre,nice quality according to price
category_1_product_56,sarthak gaurkhede,5,worth to buy,i personally feel the price and quality of the product is best
category_1_product_56,sarthak gaurkhede,5,worth to buy,i personally feel the price and quality of the product is best
category_1_product_56,rita sarkar,5,honestly good,best airdopes clear sound and bass
category_1_product_56,karthick m,5,good quality compact design,worth for the price sound quality like woofer theater effect in this model air dopes sound read more
category_1_product_56,mohd suheb,5,good,boat airdopes atom 83 true wireless earbuds with up to 50 hours playtime quad mics with read more
category_1_product_56,gagan arora,5,excellent boat,since last one year using boat best performance
category_1_product_58,arnav,4,in ear detection does not work,overall the product is best only the in ear detection does not work
category_1_product_58,aryav gauns dessai,5,awesome,the sound quality is great and the bass is just unbeatable
category_1_product_58,lokesh patidar,5,good sound quality,good quality and lookeble and 3 tap game mood also good
category_1_product_58,laxmi pandey,5,awesome,very nice product amazing sound quality
category_1_product_58,gaurav sharma,5,best design and very comfortable,very good product premium design and feels very decent great sound bass is awesome
category_1_product_58,madhu artani,5,best under 1499,it has very cool transparent design and enough noise cancellation
category_1_product_59,anand raj,5,worth it,its really cost effective and also anc works best go for it
category_1_product_59,abeesh,5,good,good hearing experience
category_1_product_59,pratyaksh khanna,5,review of my purchase,its the best
category_1_product_59,lakshya pandey,5,jai shri ram,good but establish your own courier service so that like me no other person will have to face read more
category_1_product_59,samuel samson,5,good,i didnt get the product still now
category_1_product_59,jaimin gosai,5,awesome product,build quality is good battery backup is also around 3 days
category_1_product_60,vinay nayak,5,nice,worthy to try it
category_1_product_60,gowrish,5,nice voice,very nice product nice for listening music long time i use boaf products
category_1_product_60,gowrish,5,boatdopes161,very good voice and comfortable for listening music
category_1_product_60,vasu khanna,5,good,boat airdopes 161 thor edition wireless earbuds with 40 hours playback asap read more
category_1_product_60,inti sai sreecharan,5,5 stars,good sound
category_1_product_60,inti sai sreecharan,5,boat 161,good sound
category_1_product_61,anonymous,5,clear voice and good battery backup,good base clear voice battery backup
category_1_product_61,arvind paswan,3,good,sound quality too good battery backup is to long lactic but not confortable read more
category_1_product_62,armaan,5,best in segment,good sound quality nice build quality but ingrave text are not accurately aligned
category_1_product_62,david,5,boat nirvana lon anc pro,the boat nirvana lon anc pro offers rich sound with ldac support and effective active read more
category_1_product_62,parth kadam,4,good sound quality,can i get engraving name on it please reply
category_1_product_62,atharv chaturvedi,5,engraving,when you started in this product
category_1_product_62,yashi jaiswal,4,good,boat nirvana ion anc pro wireless earbuds with 32db anc 120 hours playback dual eq read more
category_1_product_62,rijwan,5,good,clearity problem
category_1_product_63,darshan pawar,4,best for studentsfeatures are also greatworth buying,best
category_1_product_63,anonymous,5,impressive,very nice build quality and sound very impressed with microphone quality and spatial mode
category_1_product_63,hemananda,5,call,call quality is superb
category_1_product_63,aditya,5,this product is totally a waste of money,guys every product of this model is faulty i orderd one and after 2 days it starts to produce a read more
category_1_product_63,aryan,5,good,the product is very awesome and also very attractive vocals are so clear and full of bass i read more
category_1_product_63,soudip dhara,5,good,boat airdopes 300 wireless earbuds with 50 hours playback quad mics ai enx tech read more
category_1_product_64,padit,4,bass is not that as we expected sound is good boat signature,the signature sound is good
category_1_product_65,nootan kalase,4,good,boat immortal airspeed pro bluetooth gaming wireless earbuds with 40ms read more
category_1_product_65,vaibhav,5,good,pods are dopee but the only thing that might become a problem is the opening of the read more
category_1_product_65,dhanush,5,good,boat immortal airspeed pro bluetooth gaming wireless earbuds with 40ms read more
category_1_product_65,sagar anil chavan,4,good,overall build quality is goob but sound quality and anc expectations not meets sound read more
category_1_product_66,tanmay,5,fabulous,anc mode is fabulous very easy to use and looks so premium the product is very read more
category_1_product_66,shane sangtani,5,good,very good watch
category_1_product_66,abdul rajack,5,good,not satisfied
category_1_product_66,rituparna kar,5,good,good
category_1_product_66,girraj meena,3,good,good
category_1_product_66,pruthvi sing thakur,4,sound quality super,h
category_1_product_68,mayank gaur,5,very good and worth,brilliant product
category_1_product_68,sir prhee,3,good,sir please restock hulk edition earbuds fastly
category_1_product_68,dhyan jain,4,beautiful product,it is good but in this we have to on and off the earpodes
category_1_product_68,rahul,5,kisi ne ye green hulk mngaya he to muje whatsapp pr message kre muje urgent kam he 8764405952,kisi ne ye green hulk mngaya he to muje whatsapp pr message kre muje urgent kam he read more
category_1_product_68,ssk,5,review of airdopes 161 hulk edition,the product is totally awesome and one of best feature of this product that i read more
category_1_product_68,shubham agrawal,5,amazing,i liked it very muchi am big fan of marvelwant it from soo long timeits base is read more
category_1_product_69,kamal thapa,5,acsept,waiting for product
category_1_product_69,ankur dey,5,very nice product,best in quality
category_1_product_69,gokul,4,good,how reset my airdopes 192 who can pls help me
category_1_product_69,bhushan thakur,3,good,average product with less battery life and when i use this on pc the sound buffers very much read more
category_1_product_69,daku mangal singh,5,abhi tak aaya nhi fir bhi likh raha hu,accha he hoga shayad se
category_1_product_69,manan,5,outstanding performance,airdopes 192 the sound quality is quite strong a boon for gamers and the touch controls and read more
category_1_product_70,sonalika,5,good,superb
category_1_product_70,himanshu malhotra,5,awesome,long playback hours and good sound clearity
category_1_product_70,mukul jain,5,good,incredible
category_1_product_70,jaspreet singh,4,good,good
category_1_product_70,pujita sharma,5,badia hai,bohot ache lage ye earphones good sound
category_1_product_70,mehak aggarwal,4,good,great
category_1_product_71,krishna,5,boat immortal 121 black sabre,id definitely suggest you this airpods because the sound quality is so good and doesnt comes read more
category_1_product_71,anonymous,4,review for boat immortal 121,its a very good product for gaming not only for gaming but also for listening songs it has good read more
category_1_product_71,riyaz mansoori,5,nice product,thanks boat for this amazing earbuds it is of all nice quality
category_1_product_71,roshini r,5,good,boat immortal 121 bluetooth gaming wireless earbuds with beast mode 40ms low read more
category_1_product_71,sharda devi,4,amazing,over all good product
category_1_product_71,pushkar kashyapi,5,good,awesome product
category_1_product_72,keerthi,4,nice,super
category_1_product_72,dr waseem,5,good,boat immortal 111 bluetooth gaming wireless earbuds with beastmode enx technology read more
category_1_product_72,nikhil rana,5,good,boat immortal 111 bluetooth gaming wireless earbuds with beastmode enx technology read more
category_1_product_72,arijit adhikary,5,good,good
category_1_product_72,riju mondal,5,mast earphones,pubg khelne mei maza aa gya ye use kar ke
category_1_product_72,uddhav,5,good,crazyyyy
category_1_product_73,naman gujjar,5,good,these is best earbuds in my life
category_1_product_73,agam nigam,4,good,audio quality is good
category_1_product_73,muhsina siraj,5,great quality,its worth buying thank you
category_1_product_73,nj,5,loved it,great product love this grey colour voice quality is very good read more
category_1_product_73,reena,5,loved it,great product voice quality is very clear effortlessly smoothsoft very happy to buy read more
category_1_product_73,madhu guntu,5,nice,super
category_1_product_74,sumit choudhary,5,best sound quality and battery backup,a product has best sound quality and long time battery backup you will chagre it for 2 read more
category_1_product_74,mukesh,4,good,nice
category_1_product_74,parth,5,perfect,very comforatble in ear and charges very qucikly
category_1_product_74,jaidev patel,5,good,crazyy
category_1_product_74,anshul lalvani,5,good,very good
category_1_product_74,meena,4,good,good
category_1_product_75,madhu vanjari,5,damage product,first they gave me faulty product and after replacement they still gave me same product and read more
category_1_product_75,nava,5,nice,worth for money
category_1_product_75,sharikh,5,product is good but delivery service is very bad,delivery service is very bad
category_1_product_75,b hari,5,good,boat airdopes 181 wireless earbuds with 10mm driver type c interface beast mode read more
category_1_product_75,akash borkar,5,good product,best sound quality
category_1_product_75,yuvarajk,5,good,good
category_1_product_76,prakashbhai solanki,5,boat immortal 100,its awesome product in this price
category_1_product_76,shyam,4,good,perfect design with powerful bass
category_1_product_76,sayan,5,simply awesome,must buy superb product ever super basss best for gaming nd music read more
category_1_product_76,akil,5,excellent,literally i am enjoying this my opinion is if u r searching a gaming airpods then this is read more
category_1_product_76,prince,4,good,best product with magnificent looks and worth the price
category_1_product_76,nikhil,4,good,amazing sound quality with hard bass
category_1_product_77,palak m,5,these earbuds have my back for 2 years now,its been 2 years since i have been using airdopes 170this product has amazed me the read more
category_1_product_77,tara chand,5,extraordanory brillent satisfied,i purchase this product 11 month before it is exillent in every area like audio battery read more
category_1_product_77,nikhil,5,best durability,the boat airdopes 170 tws deliver rich immersive audio powered by 13 mm drivers read more
category_1_product_77,subhajit das,4,this is truly best for this budget,sound quality is very good i dont expect it will be so good
category_1_product_77,yash,5,best earbuds in this price segment,this is my best earbuds till now in my collection of 5 earbudsbut still it is best
category_1_product_77,akash raval,4,excellent sound quality,overall awesome product by boat sound quality build battery backup is upto mark only read more
category_1_product_78,shashi,5,good,awesome
category_1_product_78,jatin batra,4,good,nice
category_1_product_78,sameer,5,best,amazing sound good design
category_1_product_78,meenu chopra,5,loved it,love it good battery backup
category_1_product_78,ankit mishra,5,bohot badia earphones,perfect for calls and streaming awesome sound and bass
category_1_product_78,shivansh arora,4,good,good
category_1_product_79,hariom,5,good,sound and bass is very good worth it
category_1_product_79,ankita,5,good,awesome sound and bass quality
category_1_product_79,hatim,5,good,easy to connect and control can just touch to change pause and play music
category_1_product_79,mukesh,5,good,love the colour and design
category_1_product_80,heman siddhartha,5,nice product,very good product
category_1_product_81,rudra prasad mohanty mohanty,5,extremely satisfied,my best friend music through boat
category_1_product_81,ambrish ishan,5,boat air dopes 131 dc edition review,the sound of air dopes is very awesome as the beats bass and treble are fully read more
category_1_product_81,omkar salunkhe,5,good,i lovey them
category_1_product_81,shreyash bhagat,5,good,airdopes 131 dc edition with 13 mm drivers typec carry case 12 hours nonstop music
category_1_product_81,pratyaksh david,5,excellent,excellent experience sound quality was awesome and delivery experience was good
category_1_product_81,bhavini kaur,5,excellent,sound is very good
category_1_product_82,shreyansh barha,5,quality,awesome sound quality with custom equalizer price to quality ratio very good
category_1_product_82,vishwakarma ji,5,one of the best 1200,but 1 year uses battery backup low and 24 hrs connect problem
category_1_product_82,priyanshu kumar,5,i love this earbuds,this is nich earbuds in price range with anc and smart talk features
category_1_product_82,tenzing bhutia,5,very good product,very good product im satisfied with the product
category_1_product_82,devasya,5,really good,i dont think that it can also give this immense performance
category_1_product_82,soumen bhaumik,5,grab it,simply awesome superb in all aspects feature riched and actually performs as good read more
category_1_product_83,kubireddi chellarao,4,good,better to buy
category_1_product_83,ritik sharma,5,good product,its been days i have been using these and there are working really good for price range
category_1_product_83,sucheta rawat,5,happy customer,excellent
category_1_product_83,ajay pal,5,good,best sound and bass
category_1_product_83,sabreen,5,good,love the colours and design with good quality sound
category_1_product_83,shabaz,5,good,stylish pretty design boat is best
category_1_product_84,jr,5,wow product,good
category_1_product_84,jr,5,wow product,good
category_1_product_84,jr,5,wow product,good
category_1_product_84,manjeet,5,good,boat is best
category_1_product_84,manan kaur,5,good,amazing
category_1_product_84,sahil mehra,4,good,nice
category_1_product_85,dishanth,4,good,boat airdopes 121 pro wireless earbuds with 10mm dynamic drivers asap charge read more
category_1_product_85,kalidoss,5,good,boat airdopes 121 pro wireless earbuds with 10mm dynamic drivers asap charge read more
category_1_product_85,dishant lathiya,5,amazing quality,i used to buy boat products and in recent i bought 121 pro earbuds which give me best read more
category_1_product_85,athhar thaha,5,great experience,excellent customer care and top tier product
category_1_product_85,priyam ray,5,value for money product,using boat products from years and personally liked the quality and service of all the products read more
category_1_product_85,pooja nishad,5,super fast,it is best service or no1 im very happy
category_1_product_86,masan hakim,5,good,crazyy
category_1_product_86,vijay singh,5,loved it,awesome sound and bass quality
category_1_product_86,balwant singh,5,good,good
category_1_product_86,mohd aslam,5,good product,100 origanal
category_1_product_86,harshit mittal,5,perfect,clear calling and good sound
category_1_product_86,kareena,4,good,nice
category_1_product_87,vishnu,5,the boat air poda are most use full and good product,great product and good condition and use full
category_1_product_87,nahid,5,i love diss,i have never driven such an airbus in my life love this boat
category_1_product_87,abhishek shrikant parit,5,nice,good
category_1_product_87,arindrajit das,5,too good,it is my first purchase of a bluetooth earphone and so happy with the purchase read more
category_1_product_87,ahammed yaseen c m,5,its really nice product i like it,its build quality very nice product i like boat products
category_1_product_87,itsaotassap,5,good,nice one
category_1_product_88,pranay kumar nanda,5,not active in pairs charging capacity very poor sound very low,i cant anybody to purchase that product
category_1_product_88,nithyashree mohan,4,good earbuds,great quality and even after falling down n number of times it still works awesome charge read more
category_1_product_88,rb,5,best,best quality
category_1_product_88,narayanan m,5,performance,happy with quality of the product
category_1_product_88,deepa devika,5,good,boat airdopes 183 wireless bluetooth earbuds with 10mm driver upto 90 min playback in 10 min read more
category_1_product_88,love walve vinayak,5,good,boat airdopes 183 wireless bluetooth earbuds with 10mm driver upto 90 min playback in 10 min read more
category_1_product_89,tushar,4,selling charging case,i have boat 190 charging case only i lost my two airpode can you buy my charging case or read more
category_1_product_89,jaswanth,5,boat airdopes 190,outstanding performance sound and quality are outstanding
category_1_product_89,deepak davande,5,restocking,this model is outstanding but its out off stock so plzz restock this as early as you can this was read more
category_1_product_89,sonal bhosale,5,good,best sound quality and durability
category_1_product_89,nikhil kulkarni,4,it is a really great product to buy,i bought this airpodes before 2 years of writing this review i used for 2 years it survived a read more
category_1_product_89,naveenkumar,5,it is aswome product,best quality and best price for your money
category_1_product_90,tarun kumar,5,good,boat airdopes 381 bluetooth wireless earbuds in ear wireless earbuds with 7mm read more
category_1_product_90,rakesh kumar,4,boat aipods 381 review,good quality
category_1_product_90,sajal tiwari,5,quality,the quality of the product is impressive and also sound quality is like beast
category_1_product_90,yagya dutt sharma,5,superb quality,i dont express my words im so happy for it
category_1_product_90,masud alam,5,good,best quality
category_1_product_90,saiyed fardeen,4,sound and quality,awesome sound and quality is very good
category_1_product_93,satyam shrivastava,5,best product,best product and best voice and clearly call bass thoda average h baki sab best h
category_1_product_93,waqquar yunus,5,worth of money,best ever product design quality battery life and other everything is good full paisa read more
category_1_product_93,harsh choudhary,5,noise is very good but the colour of the case disappear its is not accordingly,noise is very good but the colour of the case disappear its is not accordingly
category_1_product_93,akshay,4,good one,using these buds from last 2 days vocals are very good with anc on over all good value read more
category_1_product_93,nandu,3,good for spatial sounds and games,ive been using these earbuds for the past 3 days and noticed they are optimised for highfrequency read more
category_1_product_93,lingeshwaran,5,looks good,this is my first airpods which feels like premium one while unboxing itself it was like premium read more
category_1_product_94,shreyas,5,airdopes 141 pro,i am trying boat for first time its very good case read more
category_1_product_94,dnyanesh nikam,5,boat airdopes 141 pro,airdopes quality awesome audio quality very very nice bass boosted read more
category_1_product_94,dashrath singh,5,good battery backup buds fast cannect good sound quality and bass,good battery backup buds fast cannect good sound quality and bass good finsing super read more
category_1_product_94,dashrath singh,5,good product good battery backup buds and casegood sound quality and bass,good battery backup buds good sound quality and good bass thanks you boat company
category_1_product_94,harsh,5,boat supremacy,boat supremacy always bass ekdam next level hai aur case itna sexyyy read more
category_1_product_96,yash jethwa,5,best product,i have been using boat products years now the product gets improved
category_1_product_96,sameer haravade,5,good quality but bulky design,good quality output but bulky size for ears to fit in
category_1_product_97,sona,5,great product,i mistakenly drop it on swimmimng pool in evening and found the next day at morning and to my read more
category_1_product_97,sumiran mehta,5,nice,great product i am happy to buy this product but i buy only in 1200rs
category_1_product_97,rahul,5,earbuds drift,very nice products and nice sound earbuds drift
category_1_product_97,krishnaraj ganesan nadar,5,bluetooth,great product and awesome design
category_1_product_97,bolay,4,must have,just user interface and lighting to be improved rest is no dought beast
category_1_product_97,rajat dhillon,5,good,boat airdopes drift wireless earbdus gaming earbuds with 2x6mm dual drivers quad mics read more
category_1_product_98,rxxtfyftf,4,tdtdtdtt,ftctc
category_1_product_98,pj,5,awesome product,sounds crazy
category_1_product_98,pj,5,awesome product,sounds crazy
category_1_product_98,sudipon ghosh,5,good,boat nirvana ion anc limited edition wireless earbuds with active noise cancellation enx read more
category_1_product_98,urvish soni,5,review of a daily listener,the sound quality of the earbuds is pretty good at this price point i was not expecting to be read more
category_1_product_99,thiru,4,good but dual pairing not supporting,not supporting dual pairing
category_1_product_99,indrayani s,3,microphone issue,there are issues with the microphone when we are on a call or else the product n its read more
category_1_product_99,aafiya ijmal,5,comfortable for a long time lectures ie csca upscetc,very comfortable for a long time online lectures light weight overall im in love with this product read more
category_1_product_99,ravikumar gowda,4,worth for the money most ergonomical device should be provided boat hearable app support as well,hi all i am using various boat devices like bluetooth speakers neck bands air dopes read more
category_1_product_99,garv,3,great for music listening only,there is trouble when using them while calling
category_1_product_99,sumona sardar,5,nice buds,awesome budsand the sound quality was wonderful rating out of 1010 value of money
category_1_product_100,piyush,4,good,when they are gon na restock
category_1_product_100,pancham matlani,5,good,please restock this item soon i need one
category_1_product_100,pancham matlani,5,good,please restock this item soon i need one
category_1_product_100,malik mohsin,5,quality packing comfortness audio balance,always unstaisfied when it came to balance of l r balance but this one i just loved it read more
category_1_product_100,adarsh shrivastava,5,bestest limited edition buds,this airdrops alpha is the bestest limited edition buds i ever had the design the quality i just love it read more
category_1_product_100,rishab gill,5,product is awesome,overall best experience
category_1_product_101,karanpreet,5,good,it was one issue with earbuds that was i face when i connect sometimes his voice was come in one read more
category_1_product_101,sahil lohchab,4,best base,product is good and the best baas in this price range only issue is difficult to connect at one read more
category_1_product_101,ashu,5,immortal 158,best
category_1_product_102,mahesh dhayal,5,good,nice earbuds clear and nice voice dolby atmos wonderful
category_1_product_102,samir harad,5,good,lovely product
category_1_product_102,kishan singh tanwar,4,good,easy to connect
category_1_product_102,nitin shankar gadade,5,good,the controlling of sound and tune is the best feature
category_1_product_102,neha sharma,4,good,good sound
category_1_product_102,gautam agrawal,5,good,anc is very usefull i can take my meetings peacefully
category_1_product_103,codezero,5,its an amazing product,i bought nirvana nebula at 2400 and at this price range its an perfect product it sound quality is read more
category_1_product_103,codezero,5,its an amazing product,i bought nirvana nebula at 2400 and at this price range its an perfect product it sound quality is read more
category_1_product_103,mg,5,ultimate best of the best,its an amazing ultimate top of the line best of the best product at such a low cost its at par read more
category_1_product_103,sg,5,very good earbud,dolby experience good
category_1_product_103,muhammad abdullah,5,good,noise cancellation is powerful can not hear any disturbances while listening music
category_1_product_103,anurag singh,5,good,instantly connect to my phone
category_1_product_104,radhesham rajeguru,4,good,acha laga naya colour bahut sundar hai
category_1_product_104,shashi sagolse,5,good,gesture controls and app support i honestly i think it is good the controls are easy to read more
category_1_product_104,madhu m,5,good,the sound quality is very good anc is soo powerful
category_1_product_104,anindita ghosh,5,good,its sleek design and comfortable fit nake sure they stay securely in place even during my read more
category_1_product_104,harsha kota,5,good,call quality was good i had no problem while calling or receiving calls it was loud and clear read more
category_1_product_104,kushal pipaliya,4,new theme,you can create on colour theme red and black small touch of white
category_1_product_105,shivraj pujari,5,very good,fantastic
category_1_product_105,tapas biswas,5,good quality,the product is good in builtin quality and sounds are mind blowing
category_1_product_105,mahendra kumar,4,good quality,product good
category_1_product_105,biju,5,product,awesome sound quality worthy of money suggest to everyone thankz boat
category_1_product_105,ojas mishra,5,good,boat airdopes 121v2 plus wireless earbuds with 50 hours playback beast mode read more
category_1_product_105,sourabh pal,5,osm product,good sound quality
category_1_product_106,aman pandit,5,gud quality product,very fantastic
category_1_product_106,chandini,5,how to connect on app,how to connect on boat hearables application
category_1_product_106,ashish mall,5,beautiful product,sound is unexpected than jbl
category_1_product_106,rahul singh,4,good,boat airdopes unity anc bluetooth earbuds with active noise cancellation enx technology read more
category_1_product_106,smitha,5,good,boat airdopes unity anc bluetooth earbuds with active noise cancellation enx technology read more
category_1_product_106,pooja sehaj sahni,5,good,boat airdopes unity anc bluetooth earbuds with active noise cancellation enx technology read more
category_1_product_107,akshay narkar,4,good,boat immortal 121 deadpool edition wireless gaming earbuds with 40 hours playback read more
category_1_product_107,ryan,5,good,awsome
category_1_product_107,vikram malhotra,4,good,badiya hai
category_1_product_107,jaya,5,good,incredible
category_1_product_107,aditya verma,5,a must have,such a cool design being a marvel fan i love it the sound is soo clear and awesome
category_1_product_107,riya sengupta,5,good,crazyy
category_1_product_108,kaushik bansal,4,good,very good
category_1_product_108,shruti khanna,5,cool,very cool design the sound is also great
category_1_product_108,virat ansari,4,good,sooo cooll
category_1_product_108,raju,5,perfect,i really like thi product good sound clearity
category_1_product_108,pankaj sharma,5,good,best
category_1_product_108,abhishek kamat,5,kaafi acha hai,good product kaafi der tak chlata hai very nice
category_1_product_109,r,5,wrote a name,kya is product pe naam personalized ho skta hai
category_1_product_109,msrinivasarao,5,super,good quality
category_1_product_109,kartik kataria,5,good,best hai
category_1_product_109,subhash nair,5,perfect,i ordered the engraved version it loks very good
category_1_product_109,sodhi singh,5,perfect,long battery backup and the sound quality is amazing
category_1_product_109,mansi chopra,5,good,boat is best
category_1_product_110,pp,5,its good enough,it has good batter life and sound quality well for this price i think its just right dont expect read more
category_1_product_110,dilkhush meena,5,good,boat airdopes 200 plus wireless earbuds with 100 hours large playback beast read more
category_1_product_110,aparna,5,good,boat airdopes 200 plus wireless earbuds with 100 hours large playback beast read more
category_1_product_110,manas singha,5,good,boat airdopes 200 plus wireless earbuds with 100 hours large playback beast read more
category_1_product_110,kamal rajpoot,5,super,super
category_1_product_110,jayashree mohan,5,didnt receive,tomorrow
category_1_product_111,daksh pratap singh,5,boat immortal 131,this earbuds are very awesome and have good sound quality
category_1_product_111,parmar aum,5,good,boat immortal 125 gaming wireless earbuds with beastmode 40 hours playback read more
category_1_product_111,yogendra shinde,5,good,customer care call me
category_1_product_111,nitin chittroda,5,good,boat immortal 125 gaming wireless earbuds with beastmode 40 hours playback read more
category_1_product_111,pradeep sankhla,5,amazing,i got it 13so best h bhai bgmi
category_1_product_111,akshay kumar saini,5,good,nice earbuds
category_1_product_112,sudharsan,5,i need this,i already used for 8 months its missing so indeed for this but its not available pls restock read more
category_1_product_112,kavita,4,just amazing,i have used this airdopes 161 deadpool edition for more the 8 months and couldnt find read more
category_1_product_112,masum murtaza,5,airdopes 161 marvel deadpool edition,i recently purchased the boat airdopes 161 marvel deadpool edition and i must say its a perfect read more
category_1_product_112,smit parekh,5,built quality and connectivity,i really like the built quality of the product and also connectivity is very strong read more
category_1_product_112,chris,4,hot,works more hours good battery life right touch now doesnt properly hot look
category_1_product_112,sahil nisar,5,nice product,the airpods 161 are a great product the sound quality is also good and i really liked the design of read more
category_1_product_113,anonymous,5,good,best
category_1_product_113,anonymous,5,fast charging,i charge them for 510 minutes and use them all day
category_1_product_113,anonymous,5,good,perfect earphones
category_1_product_113,anonymous,4,good,love boat
category_1_product_113,anonymous,4,great,very good sound quality
category_1_product_113,anonymous,5,loved it,it is soo easy to control makes the work easier
category_1_product_114,manojit dey,4,need help with one ear piece,its a good product using since last december 2024 but suddenly yesterday one earpiece is not read more
category_1_product_114,k saikumar,5,good,wr is my replacement orderrr
category_1_product_114,suprit nand singh,5,its a awesome product under 2000rs,its a very superb product and work also 100 accurate and sound is also good bass is good read more
category_1_product_114,aarav kumar patel,5,good,excellent choice
category_1_product_114,ridhi ahuja,5,multipurpose,i use these for both gaming and while working out best
category_1_product_114,gaurav bansal,4,bohot acha laga ye earphone,very good
category_1_product_115,arnab biswas,4,good for the price,sound quality and battery backup are good but after few minutes of use heating issues read more
category_1_product_115,ayush parate,5,nice,nice
category_1_product_115,raghav kansal,4,best earbuds,this is good quality of earbuds
category_1_product_115,sunilkumar thakor,5,good,boat immortal 101 true wireless gaming earbuds with 30 hours playback blazing read more
category_1_product_115,lakshya kesharwani,5,earbuds,osm product best spekar
category_1_product_115,satish singh,5,fantastic,nice buds
category_1_product_116,bhargav das,5,overall,sound bass treble everything perfect must buy for gamingmusic low latency works read more
category_1_product_116,bhargav das,5,overall,sound bass treble everything perfect must buy for gamingmusic low latency works read more
category_1_product_116,bhargav das,5,overall,sound bass treble everything perfect must buy for gamingmusic low latency works read more
category_1_product_116,kalicharan hembram,4,good,boat immortal 161 bluetooth gaming wireless earbuds with beastmode asap charge read more
category_1_product_116,gyanaranjan rout,5,good,everything is okthank you
category_1_product_116,rohan kapoor,5,good,easy to control with just a touch good sound
category_1_product_117,anil uniyal,5,161 pro airdopes,very good product
category_1_product_117,naveeeeen kaninwal,4,good,good
category_1_product_117,ankit ninawe,5,good,outstanding
category_1_product_117,aadarsh khade,5,good,boat airdopes 161 pro bluetooth wireless earbuds with beast mode asap charge read more
category_1_product_117,tamanna thakkar,4,good,boat airdopes 161 pro bluetooth wireless earbuds with beast mode asap charge read more
category_1_product_117,monojit mondal,5,good,the nice product thanks boat
category_1_product_118,suthi g,5,good,nice
category_1_product_118,abu bkar,5,good,best bild quality and super sound quality
category_1_product_118,mayank thakur,5,excelent,it was best tws in this price range for gamers
category_1_product_118,archana,5,nice,nice
category_1_product_118,pavan,5,5star,5star
category_1_product_118,anonymous,5,good,good earbuds
category_1_product_119,suman chakraborty,5,very good best buds,love it
category_1_product_119,anil kumar kulsange,5,awesome,fantastic immortal
category_1_product_119,aarabh gupta,5,boat immortal 141,nice earbuds with good price
category_1_product_119,nihal kt,5,good tws ever,best boat product ever impressed very much
category_1_product_119,vignesh gopal,5,good,nice quality value for money
category_1_product_119,raj pandit,5,amezing product,love it
category_1_product_120,anonymous,5,topnotch quality,ordered boat airdopes max a few months ago they have fallen multiple times on hard read more
category_1_product_120,aryan,5,vfm,got it for 890 in sale and like above value for money for its battery life and sound
category_1_product_120,bhavesh agarwalla,5,amazing,the product is as good as expected standing onto the legacy of the company infact i read more
category_1_product_120,firoz hasan,5,very good product,boat is best superb
category_1_product_120,prem solanki,5,good,good product
category_1_product_120,aryan gahlot,5,best,loved it
category_1_product_121,radhika nishant sharma,5,supper,i m satisfied with the product it was for my husband and worth for money product sound read more
category_1_product_121,sujit dey,4,boat earbuds 141 neo,good product very nice
category_1_product_121,rahul ram,5,a great product,it is worth for the price that we get i havent got any issues with my product a good read more
category_1_product_121,ns,5,airdopes 141 neo,awesome product fast connectivity bass quality is awesome its also comes with read more
category_1_product_121,ucp patel,5,good,boat airdopes 141 neo wireless earbuds with 50 hours playback enx technology read more
category_1_product_121,ankit kamboj,4,calling sound quality,good in songs but need to work on calling department
category_1_product_122,vishwa,4,awesome buds,i liked everything however i could not find cover or pouch for this size anybody got the read more
category_1_product_122,aman,5,good,best
category_1_product_122,biren suthar,1,nice,nice product
category_1_product_122,nitish maraina,5,sound quality playback,the sound quality of these earbuds is really awesome playback time is really good
category_1_product_122,sony,5,super,super
category_1_product_122,madhur upadhayay,5,good,blue colour ear dopes are working good
category_1_product_123,venkat,5,overall performance,every specification mentioned regarding this product is true and trustworthy
category_1_product_123,suraj ramprasad pasi pasi,5,best product in india,best india company
category_1_product_123,deepu sharma,5,best airdopes,best sound everything is good
category_1_product_123,mahammad,5,looking good base super,i believe boat because previous also use boat products this eardops kick looks read more
category_1_product_123,b,5,very super sound quality,bass are very mass
category_1_product_123,sankalp aneja,5,great airdopes kick,best tws undee 1499
category_1_product_124,manisha,5,best,best product i have ever used and seen my first purchase of earbuds from boat worthy read more
category_1_product_124,manpreet singh,5,good,i bought these airdopes i am very stastfy with then best sound and bass battery read more
category_1_product_124,sudharsan,5,super product,this product is very amazing
category_1_product_124,suroj ali,4,everything is good expect delivery courier,please dont send next time with xpressbees
category_1_product_124,himanshu hemant,5,good,boat airdopes zing wireless earbuds with beast mode 75 hours of playback enx read more
category_1_product_124,manjay kumar,5,good,boat airdopes zing wireless earbuds with beast mode 75 hours of playback enx read more
category_1_product_125,manju,5,immortal 150 product,good product in midium price
category_1_product_125,akash r,5,its becoming my favourite,a nice product value for money
category_1_product_125,vipul singh,5,trust,good
category_1_product_125,dipesh gawli,5,good,awesome sound
category_1_product_125,neeraj jat,5,good,boat immortal 150 wireless earbuds with beast mode 40h playback asap charge read more
category_1_product_125,kishan pandey pandey,5,good,boat immortal 150 wireless earbuds with beast mode 40h playback asap charge read more
category_1_product_127,hannan danish,4,airdopes genesis,good product
category_1_product_127,independent scientist,5,boat airdopes genesis,good earbuds
category_1_product_127,jeet raj,5,good,the product is pretty good my friends also loved it
category_1_product_127,sasikumar ap,5,very good performance,very good
category_1_product_127,gaam sinjali,5,good,very nice sound
category_1_product_127,dr thanigainath,5,genisis,awsome
category_1_product_128,sreekumares s,5,good,thank you dear boat gud customer support iam using two airdopes 161and fule classic read more
category_1_product_128,paneerselvam,5,good product,i really love this product and sound quality is so good
category_1_product_128,vaishnavi dubey,4,sound quality and touch features are good,its sound is melodious when im listening the songs go for it
category_1_product_128,mohammed shehzad pathan,4,great value for money,works fantastic provides a very great value for the money spent on it i believe the sound read more
category_1_product_129,shadow68ko,4,its good but not perfect cant rely on it for travelling,its was good at first but after a year or so the battery of case gave up and it could no longer read more
category_1_product_130,inayat khalil,5,good,isse better earphone nai milegagreat sound
category_1_product_130,ahamika sardar,5,good,long battery life and sound to good hai hi
category_1_product_130,aarti,5,good,easy to control and connect to my device
category_1_product_130,boddu sri,5,good,anc and battery is very powerful
category_1_product_130,dharmendra kashyap,5,good,love the sound and bass quality
category_1_product_131,ap,5,best buy,great quality for music and even for calling mic quality for calling is amazing and plus the limited read more
category_1_product_131,subhajit mondal,5,boat airdrops 138 knight black,just love it
category_1_product_131,yogesh raj kumar,5,i bought it for batman,i love the sound and its really good and i am satisfied with batman
category_1_product_132,himanshu saini,5,kadak chij h boss,le lo bhot badhiya chij hmja aayega iska sound sunke
category_1_product_132,shaikh abdul hannaan,4,no delay,in beast mode there is no delay but on normal mode there is overall this is a very good product
category_1_product_132,abhijit kumar,5,very good product,best sound quality and best mode for gaming beautiful look read more
category_1_product_132,abhijit kumar,5,very good product,best sound quality and best mode for gaming beautiful look read more
category_1_product_132,ishantraj,4,nice product,mere ko apka product acha laga hai
category_1_product_132,lakshitha,5,thank you boat,very nice loving it the most thank you boat for immortal 131
category_1_product_133,ankit ranjan bhoi,5,worth quality product,boat airdopes atom 81 punchy sound in a pocketsized package ive been using the read more
category_1_product_133,anamika k s,5,worth every penny,i had done everything with it it even fell on tea in to sink many times it got water on it but read more
category_1_product_133,sujal bishnoi,5,this is best bluetooth earphone in my life in this price,maine ise kitni bar gira diya phir bhi yhe 2 saal se ekdam sahi se chal rha hai pura din gaming karta read more
category_1_product_133,rooma,5,good,boat airdopes atom 81 wireless earbuds with 50 hours playback 13mm drivers read more
category_1_product_133,suresh gujjar,5,bakwas,no customer care support
category_1_product_133,pankaj tyagi,5,good,bad voice
category_1_product_134,abadur rahman,5,please give me your boat airdopes 100,please give me your boat airdopes 100 good podcast
category_1_product_134,bhavya,5,good,i bought this product from myntra in 2023 it is really pretty good the fast charging audio read more
category_1_product_134,srini,4,not satisfied,not good for this item damaged
category_1_product_134,naimish sitapara,5,amazing product,your product such a greatful your music quality is the powerful keep it up
category_1_product_134,pallavi,5,boat airdopes,its really amazing
category_1_product_134,prakash,5,excellent,nice accessories
category_1_product_135,kp,5,super airdopes,super voice qualit
category_1_product_135,dharmesh vaja,5,super product,long lasting beatty nice voice nice look
category_1_product_137,spsc,5,good,such a fab product i should say u should try it
category_1_product_137,dewashish singh,4,good,boat airdopes 113 true wireless gaming earbuds with powerful 13mm drivers beast read more
category_1_product_137,shubham maharaj,5,good,boat airdopes 113 true wireless gaming earbuds with powerful 13mm drivers beast read more
category_1_product_138,srinivasulu chamaleti,1,good,very good
category_1_product_138,puja choudhary,5,excellent,boat is the best you rock aman
category_1_product_138,mayuresh yende,5,excellent battery life,can listen for almost more than 6 hours in single charge
category_1_product_138,sangram kundu,5,good,boat airdopes 383 sunburn edition
category_1_product_138,binu david,5,good,boat airdopes 383 sunburn edition
category_1_product_138,abhilash gupta,5,good,thanks boat
category_1_product_139,snehankur,5,nostalgically best,aahhh this was my first airdrops i anticipated it getting back to stocks so much and when it read more
category_1_product_139,bingi pranith ram,5,good,boat airdopes 141 pro 12mm drivers upto 45 hours playback quad mics with enx read more
category_1_product_139,manoj kumar,5,good quality,i have been using from 7 days quality is good charging case build quality can be improved read more
category_1_product_139,deepak jaiswal,5,grateful,good product sound great
category_1_product_139,abhay tripathi,5,good,boat airdopes 141 pro 12mm drivers upto 45 hours playback quad mics with enx read more
category_1_product_139,panchal keyur,4,good sound quality,its comfortable to my ears it just needs to get habituated to ears sound quality is really good read more
category_1_product_141,tanmay patil,5,good,boat airdopes 413 anc wireless earbuds with noisecancelling earbuds with 10mm drivers read more
category_1_product_141,vaibhavraval,5,good,boat airdopes 413 anc wireless earbuds with noisecancelling earbuds with 10mm drivers read more
category_1_product_141,dhruv,5,good,perfect
category_1_product_141,pankti chauhan,5,good,boat airdopes 413 anc wireless earbuds with noisecancelling earbuds with 10mm drivers read more
category_1_product_141,raghu s k,5,very good product,great price value
category_1_product_141,kirtan dobariya,5,good,this boat 413 anc airdopes was amazing products i like it most
category_1_product_142,really buds is super and worth for buying in best price,5,super buds,i impressed by boad buds quality is best
category_1_product_142,saran vn,5,bad experience,low sound quality
category_1_product_142,golu yadav,5,good,very good product
category_1_product_142,vinash kumar,4,good,boat airdopes 131 pro wireless earbuds with enx noise cancellation technology read more
category_1_product_142,mohd arshiyan,4,good,too good
category_1_product_143,farzeen mumtaz,5,airdopes wonder woman dc edition 131,high quality sound outlook of the airdopes from outside is sexy colour is just read more
category_1_product_144,sarad munda,5,excellent,i love it thank you boat company
category_1_product_144,anindita roy,4,good,airdopes 131 batman dc edition
category_1_product_144,raja,5,good quality,sound effects are perfectand the best quality product
category_1_product_144,nawinraj,5,good,super
category_1_product_144,sharan toppo,5,best quality best packaging and worth for money its awesomei prefer,best quality best packaging and worth for money its awesomei prefer
category_1_product_144,krishna kishroe,5,good,good
category_1_product_145,tirth katkar,5,good,boat airdopes 441 pro special batman edition wireless earbuds with 2600 mah carry case read more
category_1_product_145,selvi anandhan,5,ho laa,awesome i like it very much amazing packing sound quality also good read more
category_1_product_145,machhi kaushikbhai balvant bhai,5,exelent,very good buds
category_1_product_145,maninder sandhu,5,good quality,i enjoy my product
category_1_product_145,daljeet singh,5,good,nice product value of money
category_1_product_145,bhuvnesh panchariya,5,good,boat airdopes 441 pro special batman edition wireless earbuds with 2600 mah carry case read more
category_1_product_146,gagan upreti,5,bestt,boat is a very nice company n its product are ausome
category_1_product_146,jitubhai devmurari,5,good,boat airdopes 191g wireless earbdus gaming earbuds with 2x6mm dual drivers quad mics read more
category_1_product_146,anonymous,5,amazing,the boat airdopes 191g is amazing i brought it on one of mine friend recommendation read more
category_1_product_146,suhas hanjar,5,good,the sound quality calling everything is really good no doubt in that but the led lights in the read more
category_1_product_146,mehul gohil,5,good,good
category_1_product_146,vikaskumar jayantilal,5,good,good
category_1_product_147,ankit kumar,4,good,boat airdopes 175
category_1_product_147,kannan r,5,good,very useful
category_1_product_147,nishant bhaskar,3,voice calling not good,voice calling not good the listener on other side keeps complaining that voice is not clear read more
category_1_product_147,neel kumar,5,good,boat airdopes 175
category_1_product_147,lucky khushal,5,good,boat airdopes 175
category_1_product_147,kiran,5,good,good
category_1_product_148,pn,5,great product,great product using these eardopes since last 4 month still no issue noise cacellation is read more
category_1_product_148,uma k,5,great,the product was good and the look was so sleek
category_1_product_148,bhalchandra a,5,airdopes 500 anc a great choice,i wanted to gift air buds to my son who is junior college student at his age the choice of the read more
category_1_product_148,sivaraj rajasin,5,sivaraj,airdopes 500 anc is real dope kick ass just go for it dont give a second thought about this read more
category_1_product_149,suresh g,5,boat air dope,sound quality is very poor feeling bad for order
category_1_product_150,sohan sohan,5,question,when will this be restocked
category_1_product_150,khyati,5,powered up,since long time i was planning to buy but once i started using it there is no going back
category_1_product_150,hina,5,good,its good and looks more girly
category_1_product_150,shriya raj,5,good,excellent quality
category_1_product_150,sb,5,love this product,nice colour and sound quality is very nice love the bass
category_1_product_150,aayushya sahay,5,good,boat airdopes 441 sunburn edition
category_1_product_151,adeehazarika46gmailcom,5,need restocking asap,please get this black panther edition restocked soon all are waiting to get hold of this limited read more
category_1_product_151,keshav seth,5,good,boat airdopes 131 black panther marvel edition wireless earbuds with 13mm audio drivers iwp read more
category_1_product_151,shubhi pilania,5,amazing sound quality,loved the design and sound quality
category_1_product_151,pavan zala,5,best product,long betty life good quality wakanda forever
category_1_product_151,muthumeenakshi bhaskaran,5,good,could this boat airdopes black panther edition be put in stock again have been waiting read more
category_1_product_151,aniruddh,5,boat,when itll be in stock
category_1_product_152,dev,5,great quality,ive used these earbuds for almost 45 years so you can imagine the quality im not read more
category_1_product_152,suresh kumar,5,very disappointed,i recently purchase and airdopes from your officially website and feel very disappointed read more
category_1_product_152,my,5,its really good,nice
category_1_product_152,aashish mahajan,5,good,boat airdopes 131 iron man marvel edition wireless earbuds with 13mm audio drivers read more
category_1_product_152,ankita kumar,5,amazing,the airdopes 131 iron man marvel edition met my expectations excellent design read more
category_1_product_152,mamta gupta,5,best quality airdopes,these fitted my ears perfectly easy to operate and yeah these are actually good during read more
category_1_product_153,vaibhav pal,5,good,audio quality and battery backup is much better than other products
category_1_product_153,aayush kumar,5,good,the product is good but it was late delivered
category_1_product_153,rambabu,5,good,good condition
category_1_product_153,bipin samant,5,good,amazing product good sound quality 200 worth it
category_1_product_153,rajkumar balmiki,5,good quality,good
category_1_product_154,harish podili,5,good,nice
category_1_product_154,yaswinder sandhu,5,good,worth of money always satisfied with boat products
category_1_product_154,kirti choudhary,5,nice quality and battery life,nice experience
category_1_product_154,safal kadar,5,nice,good
category_1_product_154,soubheek tewary,4,best product,need noise cancelation in this
category_1_product_154,radha krishnan,5,boat airdopes 441,bestselling all in one good and best quality
category_1_product_155,aaditya,5,excellent product,have been using it for 6 months no problem at all but its been out of stock for sometime i read more
category_1_product_155,pratik gaikwad,5,good,excellent but bring this product in stock asap please waiting eagerly
category_1_product_155,syed saifullah,5,airdopes 452,it looks awesome
category_1_product_155,manny,5,superb,i am impressed with the specs
category_1_product_155,swayam panchal,5,waiting for it to come back in stock,please bring this back in stock
category_1_product_155,hirday,5,excellent product,i am impressed with the specs provided boatlaunch this product soonexpecting the read more
category_1_product_156,meet bhalodiya,5,master piece,best earbuds in range
category_1_product_157,abhiraj kumar,5,best among all,best earbuds i have ever seen plz my request is plz give me one i am using this earbuds read more
category_1_product_157,saakshi arun more,5,good,long battery life can use it for hours bohot acha hai
category_1_product_157,abhay gupta,5,good,connects instantly to my devices awesome sound
category_1_product_157,shailendra,5,good,good bass and easy to pair
category_1_product_157,mohan waje,5,good,fast charging good sound
category_1_product_158,inder saarsar,5,airdopes 501 anc,boat airdopes have amazing soundand the base is supper
category_1_product_158,ayushi mehta,5,great quality so far,manual instructions are easy to follow anc mode is commendable and battery life is as read more
category_1_product_158,anshuman manavppmarbirzvjit,5,good,boat airdopes 501 anc anc wireless earbuds with dual mics with enx technology read more
category_1_product_158,sreesha keshava hindupur,5,good,boat airdopes 501 anc anc truewireless earbuds with dual mics with enx read more
category_1_product_158,himanshi mirchandani,5,good,boat airdopes 501 anc anc truewireless earbuds with dual mics with enx read more
category_1_product_158,haritha arivoli,5,good,boat airdopes 501 anc anc truewireless earbuds with dual mics with enx read more
category_1_product_159,bindu manesh,5,good,nice the case quality is a bit poor but if u use it safe it lasts otherwise its a read more
category_1_product_159,vyshnav manesh,4,good but not excellent,guys nothing to say it has an marvelous sound quality good noise cancellation read more
category_1_product_160,himanshu singh,5,excellent product,excellent product thenks boat team
category_1_product_160,nitin kumar,5,good,airdopes 101 is very good product
category_1_product_160,customer,5,worth every penny,using the buds from 1 month yet no any type of difficulties had found with this tws boat had a read more
category_1_product_160,smitkumar patel,5,good,best
category_1_product_160,sunil chudasama,5,good,good item
category_1_product_160,aneet sangwan,5,good,boat airdopes 101 made in india
category_1_product_161,a,5,restock,please bring the maroon color back in stock i am waiting for it from a very long time
category_1_product_161,aa,5,want to buy,please restock this product i want to buy the same because my old one have been read more
category_1_product_161,rakhshan ahmad,5,great product,using it daily and it worked as per my expectation under low budget overall i would say great read more
category_1_product_161,saurabh khanduzode,5,good,cert good
category_1_product_161,samruddhi,5,want to buy,i want to buy the blue one please make it available
category_1_product_161,deeshika,5,good,boat airdopes 281 pro
category_1_product_162,aditya,5,gajab best product ever,the led light and degien and quality and working is best
category_1_product_162,akhil rs,5,good,boat airdopes 641
category_1_product_162,vikram gupta,4,good,boat airdopes 641
category_1_product_162,anuj agrawal,5,good,that was a great dealquality product
category_1_product_162,rishabh patel,5,excellent product,worth the money putting indian customer base in the context very good pricing and very read more
category_1_product_162,rohit tambe,5,airdopes 641,best airdopes from boat i have used excellent sound quality and rgb lights are super read more
category_1_product_163,arun rawat,5,good,good
category_1_product_164,alok kumar,5,very good earpods,sound is very clear bit higher base would have been nice but given the size i am very read more
category_1_product_164,ayush rana,5,fabulous,boat airdopes is one of the perfect things who are looking for bluetooth airdopesi have read more
category_1_product_164,biswajeet nayak,5,very good product,battery way better than expected and sound quality is upto the mark
category_1_product_164,monika,5,jus wowww,excellent wld give 5 to everything
category_1_product_164,rajesh dutta,5,good,very bad experience with boat battery life is so badafter full charge it shows 30 percent only
category_1_product_164,aman sharma,5,good,boat airdopes 131 kkr edition
category_1_product_165,souvik dey,5,best in class,this product is superb and sound quality is very good also looking is very nice
category_1_product_166,rohit sumesara,5,please restock this airdopes,please restock this airdopes 621 i loved it i use in past actually i lost my boat airdopes 621 i read more
category_1_product_166,yzak,5,best airdrop from boat 621,i have been waiting for a long time and ive been using the supermodel for the last 5 years with read more
category_1_product_166,n,5,perfect,restock soon please its been a long time waiting since last year read more
category_1_product_166,rushabh mishra,5,awesome superb product,i have mailed so many times to restock this product but its been more than 3 yrs its still read more
category_1_product_166,anony,5,restock,please restock this product
category_1_product_166,abhishek,5,please restock it soon,this is best product i used need one more for my family friend please restock it soon
category_1_product_167,chenumalla repunjaya,5,good,nice performance
category_1_product_167,shaik akbar,5,good,i want one more same product
category_1_product_167,gopi kothapalli,5,well,excellent product i didnt expect this sound quality i loved it very much
category_1_product_167,ravi bansode,4,best,best
category_1_product_167,aditya more,5,good,excellent product
category_1_product_167,hujefa ansari,5,awesome,awesome
category_1_product_168,vikalp tripathi,5,superb,i lost my charging case can i get a new one
category_1_product_168,dk,5,good,a great product for value long lasting with great sound quality no down side its best read more
category_1_product_168,sudhakar,5,superb,super sound and super quality but my charging case is not working can i get new
category_1_product_168,hardavi,5,best purchase ive ever made,i highly recommend this product
category_1_product_168,anhad singh,4,best,have been using for 2 years no problem
category_1_product_168,vignesh suresh,5,good product,good sound quality great look awesome product i love it
category_1_product_169,naveen kumar,5,superb,nice product
category_1_product_169,prasanth e nair,5,boat 383,its very good performance
category_1_product_169,kannan b,5,good,boat airdopes 383 wireless earbuds equipped with 7mm rhythmic dynamic drivers nonstop read more
category_1_product_169,mou chakraborty,4,good,nice sound
category_1_product_169,jyoti,4,good,n
category_1_product_169,psp,5,best quality airbuds,i have been using this airbuds since 2 years it had fallen many a times from me and still it is read more
category_1_product_170,nishant kumar,5,good,boat airdopes 711 wireless earbuds with powerful 6mm drivers nonstop music up to 50 read more
category_1_product_170,rv,5,excellent earbuds,bought this 5 days before sound quality is excellent overall quality is good
category_1_product_170,ilyas rajbhara,5,nice,nice
category_1_product_170,pawan tripathi,5,5,my first yeardops best
category_1_product_170,junaiz mohammed,5,style performance boat,one of the biggest boat fan of their products this airdopes 711 is new in the collection read more
category_1_product_170,rahulsagar tyagi,5,first time user of boat and loving it,i would only say one thing please support indian brands so they can grow and spend read more
category_1_product_171,i am jsr,5,worth money,especially battery backup and sound quality is amazing
category_1_product_171,pramod,5,good,super quality
category_1_product_171,manoj,5,good product,best product to buy with low cost
category_1_product_171,manas chhabra,5,very nice product,gud battery backup durable also so so so good
category_1_product_171,kushal,5,good,amazing eardops good bass
category_1_product_171,rishikesh,5,amazing,this is a really good ear dopes under 2k go a head
category_1_product_172,bakul tyagi,5,gud,worsted
category_1_product_172,suman priyadarshini,5,boat airdopes 461,very good product good sound quality and very comfortable to wear them
category_1_product_172,sourav panda,5,awesome,great experience
category_1_product_172,kratika sharma,5,good eardopes,sound quality and response quality are good good for purchase
category_1_product_172,swati tyagi,4,sound is good,sound justifies the price sensitive touch not noisecancelling
category_1_product_172,jyoti rathore,4,good,boat airdopes 461 bluetooth earbuds
category_1_product_174,rameshkannan m,5,best ever airdopes till now,dear boat team kindly restock this product i purchased this product in 2021 till now no one read more
category_1_product_174,karan arora,5,plz restock this item soon,best earbuds for gym i have ever used plz restock this item soon i need it
category_1_product_174,mayur damor,5,fabulous,when restocking this items
category_1_product_174,ajay,5,it is amazing,i am using this from past 3 years is amazing but now buds battery is not working properly it read more
category_1_product_174,vaibhav,5,try this,best ear buds in very efficient price and with variety of features longitivity is also a attractive read more
category_1_product_174,rajesh datta dhale,5,your products is good,your products is good but not available purchase options and available options is notifying read more
category_1_product_175,deepak kumar,4,nice,very good product
category_1_product_175,payal sahu,5,good,boat airdopes 402 wireless earbuds with powerful 10mm drivers enx technology asap read more
category_1_product_175,gaurish chaulkar,5,great product,best product to buy at cheaper rate
category_1_product_175,rohit kumar,5,amazing product go for it,boat airpodes 402 is best product under 2000 it is really value for money read more
category_1_product_175,banavathu pavan,5,really awesome,really worth to money the bass and sound quality is really mind blowing battery life also read more
category_1_product_175,dhananjay chauhan,5,good,boat airdopes 402 wireless earbuds with powerful 10mm drivers enx technology asap read more
category_1_product_176,shubham gadi,4,good,good product
category_1_product_176,gurinderpal singh sidhu,4,good,its good sound quality is good battery life can be improved
category_1_product_176,poorna skanda,5,good,boat airdopes 511 v2
category_1_product_176,yajur saboo,5,good,boat airdopes 511 v2
category_1_product_176,surya prakash,5,its awesome,its design is most lovable featureextra ordinary battery lifeexperieced great voice cal quality
category_1_product_177,hardika khairmode,5,good,love how the sound makes noise quit
category_1_product_177,dharma rao,5,boat airdopes 171,nice product
category_1_product_177,nsanthoshkular,5,boat 171,best earbuds ender this price volume is good limmited bass and sterio effect but size big best read more
category_1_product_177,aditi jain,5,probably the best in the range,volume is a bit on the lower side but i like it that ways it can be a con for others but well it read more
category_1_product_177,vishal sharma,5,sound good,sound disturb in full volume battery level indicator is not work properly or correctly
category_1_product_177,sarthak luthra,5,happy with the product,best tws earbuds i have used till date i like the crystal mode feature the most and the sound is pretty read more
category_1_product_178,sumit sandhu,5,mast,super quality
category_1_product_178,rahul b r,4,best affordable wireless headphone for running enthusiasts,ive been using this boat airdope 431 wireless earbuds for the past 2 weeks during my jogging read more
category_1_product_178,parimal shinde,5,good,good product immensive sound designed for bass lovers
category_1_product_178,parameswaran p l,5,boat airdopes,good product
category_1_product_178,rohit ghosh,5,excellent service great product,thank you show much for replacement my boat airdopes 431 keep it up
category_1_product_178,shaijo rajan,5,thumbs up,good experience till nowvery easy to usebest quality sound i love the case read more
category_1_product_179,harsh,5,good i love it,nice i like it
category_1_product_179,shriya rokade,4,good,boat airdopes 281 true wireless earbuds
category_1_product_179,vishwanath rao,5,good,boat airdopes 281 true wireless earbuds
category_1_product_179,prakash saini,4,good,boat airdopes 281 true wireless earbuds
category_1_product_179,rajan singh,4,good product,good product value for money good sound
category_1_product_179,lokesh bahad,5,good sound,please do available the cases for this airdopes
category_1_product_180,shubham,5,airdopes 491,best headsets ever totally durable and tough
category_1_product_180,anju,5,amaaazing till now,sturdy good backup amazing nice somewhat lacks a base mode but amazing sound read more
category_1_product_180,td,5,awesome product,just awesome
category_1_product_180,raja ram,5,very good product,i purchased via cod got it in three days and very nice earpods
category_1_product_180,prathmesh ughade,5,best product want the same again,awesome product someone stole it today i want to buy the same ones again but its not read more
category_1_product_180,shaleen bathla,5,nice,other than feeling a bit heavy unlike some other variants this is awesome in every other aspect read more
category_1_product_182,yash sharma,5,the one and only boat,hi this product is excellent like i am using it from 2022 and it is working properly today and read more
category_1_product_182,abhijeet,5,best earbud,best sound quality and very good bass comfortable to wear read more
category_1_product_182,vikky,5,must buy,restock kab hoga
category_1_product_182,bhanu prakash,5,best airdopes,easy and reliable design
category_1_product_182,ms s n s construction,5,boat 441 earbuds,very nice battery life and sound till now using from last 10days
category_1_product_182,sanu krs,4,good purchase,good productone can buy this
category_1_product_183,surendra singh,5,good boat airdopes 201 product,good bass sound
category_1_product_183,jitendra,5,good,best
category_1_product_183,anonymous,5,good,one of the best airdopes boat is always best
category_1_product_183,ram niwas,4,nice product,good quality
category_1_product_183,dnyaneshwar wagh,4,nice experience,good quality of sound some times i feel disconnecting bluetooth when read more
category_1_product_183,saleel yardi,5,good quality,very nice earpods good sound quality and kong battery good product overall
category_1_product_184,vishal singh,4,good product,good product
category_1_product_184,abdul halim khan,5,nice product im very very,nice product im very happy
category_1_product_184,sabyasachi mandal,5,good,superb sound quality
category_1_product_184,faizan wani,5,good,boat airdopes 451v2
category_1_product_184,murugan,5,service and product,excellent service and good product
category_1_product_184,amina beevi,5,right choice,excellent product great in quality and sound output
